year,sp500_total_return_pct,tnote10_total_return_pct,cpi_inflation_pct
1928,43.81,0.84,-1.7
1929,-8.3,4.2,0.0
1930,-25.12,4.54,-2.3
1931,-43.84,-2.56,-9.0
1932,-8.64,8.79,-9.9
1933,49.98,1.86,-5.1
1934,-1.19,7.96,3.1
1935,46.74,4.47,2.2
1936,31.94,5.02,1.5
1937,-35.34,1.38,3.6
1938,29.28,4.21,-2.1
1939,-1.1,4.41,-1.4
1940,-10.67,5.4,0.7
1941,-12.77,-2.02,5.0
1942,19.17,2.29,10.9
1943,25.06,2.49,6.1
1944,19.03,2.58,1.7
1945,35.82,3.8,2.3
1946,-8.43,3.13,8.3
1947,5.2,0.92,14.4
1948,5.7,1.95,8.1
1949,18.3,4.66,-1.2
1950,30.81,0.43,1.3
1951,23.68,-0.3,7.9
1952,18.15,2.27,1.9
1953,-1.21,4.14,0.8
1954,52.56,3.29,0.7
1955,32.6,-1.34,-0.4
1956,7.44,-2.26,1.5
1957,-10.46,6.8,3.3
1958,43.72,-2.1,2.8
1959,12.06,-2.65,0.7
1960,0.34,11.64,1.7
1961,26.64,2.06,1.0
1962,-8.81,5.69,1.0
1963,22.61,1.68,1.3
1964,16.42,3.73,1.3
1965,12.4,0.72,1.6
1966,-9.97,2.91,2.9
1967,23.8,-1.58,3.1
1968,10.81,3.27,4.2
1969,-8.24,-5.01,5.5
1970,3.56,16.75,5.7
1971,14.22,9.79,4.4
1972,18.76,2.82,3.2
1973,-14.31,3.66,6.2
1974,-25.9,1.99,11.0
1975,37.0,3.61,9.1
1976,23.83,15.98,5.8
1977,-6.98,1.29,6.5
1978,6.51,-0.78,7.6
1979,18.52,0.67,11.3
1980,31.74,-2.99,13.5
1981,-4.7,8.2,10.3
1982,20.42,32.81,6.2
1983,22.34,3.2,3.2
1984,6.15,13.73,4.3
1985,31.24,25.71,3.6
1986,18.49,24.28,1.9
1987,5.81,-4.96,3.6
1988,16.54,8.22,4.1
1989,31.48,17.69,4.8
1990,-3.06,6.24,5.4
1991,30.23,15.0,4.2
1992,7.49,9.36,3.0
1993,9.97,14.21,3.0
1994,1.33,-8.04,2.6
1995,37.2,23.48,2.8
1996,22.68,1.43,3.0
1997,33.1,9.94,2.3
1998,28.34,14.92,1.6
1999,20.89,-8.25,2.2
2000,-9.03,16.66,3.4
2001,-11.85,5.57,2.8
2002,-21.97,15.12,1.6
2003,28.36,0.38,2.3
2004,10.74,4.49,2.7
2005,4.83,2.87,3.4
2006,15.61,1.96,3.2
2007,5.48,10.21,2.8
2008,-36.55,20.1,3.8
2009,25.94,-11.12,-0.4
2010,14.82,8.46,1.6
2011,2.1,16.04,3.2
2012,15.89,2.97,2.1
2013,32.15,-9.1,1.5
2014,13.52,10.75,1.6
2015,1.38,1.28,0.1
2016,11.77,0.69,1.3
2017,21.61,2.8,2.1
2018,-4.23,-0.02,2.4
2019,31.21,9.64,1.8
2020,18.02,11.33,1.2
2021,28.47,-4.42,4.7
2022,-18.04,-17.83,8.0
2023,26.06,3.88,4.1
2024,24.88,-1.64,2.9
2025,17.78,7.8,2.6
